rs4262652,0,Disease Free
rs4262652,0.417,Disease Free
rs4262652,0.333,Disease Free
rs4262652,1.000,Disease Free
rs4262652,0,Disease Free
rs4262652,0.490,Disease Free
rs4262652,0.500,Disease Free
rs4262652,0.217,Disease Free
rs4262652,0,Disease Free
rs4262652,0,Disease Free
rs4262652,0.583,Disease Free
rs4262652,1.000,Relapse
rs4262652,0.423,Relapse
rs4262652,0.500,Relapse
rs4262652,1.000,Relapse
rs4262652,1.000,Relapse
rs4262652,0.682,Relapse
rs4262652,1.000,Relapse
rs4262652,1.000,Relapse
rs4262652,0.950,Relapse
rs6810483,0.400,Disease Free
rs6810483,0.417,Disease Free
rs6810483,0.375,Disease Free
rs6810483,0.684,Disease Free
rs6810483,0.700,Disease Free
rs6810483,0.441,Disease Free
rs6810483,0,Disease Free
rs6810483,0.421,Disease Free
rs6810483,0,Relapse
rs6810483,0,Relapse
rs6810483,0,Relapse
rs6810483,0,Relapse
rs6810483,0,Relapse
rs6810483,0.360,Relapse
rs6810483,0,Relapse
rs6810483,0,Relapse
rs6810483,0,Relapse
rs9489217,0.900,Disease Free
rs9489217,0.824,Disease Free
rs9489217,1.000,Disease Free
rs9489217,0.591,Disease Free
rs9489217,0.688,Disease Free
rs9489217,1.000,Disease Free
rs9489217,1.000,Disease Free
rs9489217,1.000,Disease Free
rs9489217,0.765,Relapse
rs9489217,0.400,Relapse
rs9489217,0,Relapse
rs9489217,0,Relapse
rs9489217,0.550,Relapse
rs9489217,0,Relapse
rs9489217,0.545,Relapse
rs9489217,0.381,Relapse
rs12188476,0.6,Disease Free
rs12188476,1.000,Disease Free
rs12188476,0.632,Disease Free
rs12188476,1.000,Disease Free
rs12188476,1.000,Disease Free
rs12188476,0.432,Disease Free
rs12188476,0,Disease Free
rs12188476,0.810,Disease Free
rs12188476,0,Disease Free
rs12188476,0,Relapse
rs12188476,0,Relapse
rs12188476,0,Relapse
rs12188476,0,Relapse
rs12188476,0,Relapse
rs12188476,0,Relapse
rs12188476,0.562,Relapse
rs12188476,0.364,Relapse
rs12188476,0,Relapse
rs2058812,0,Disease Free
rs2058812,0.500,Disease Free
rs2058812,0.357,Disease Free
rs2058812,0.467,Disease Free
rs2058812,1.000,Disease Free
rs2058812,1.000,Disease Free
rs2058812,0.438,Disease Free
rs2058812,1.000,Disease Free
rs2058812,0.676,Disease Free
rs2058812,0.833,Relapse
rs2058812,1.000,Relapse
rs2058812,1.000,Relapse
rs2058812,1.000,Relapse
rs2058812,1.000,Relapse
rs2058812,1.000,Relapse
rs2058812,1.000,Relapse
rs2058812,1.000,Relapse
rs2058812,1.000,Relapse
rs2743430,0,Disease Free
rs2743430,0.417,Disease Free
rs2743430,0,Disease Free
rs2743430,0.333,Disease Free
rs2743430,0,Disease Free
rs2743430,0.488,Disease Free
rs2743430,0.714,Disease Free
rs2743430,0,Disease Free
rs2743430,0.324,Disease Free
rs2743430,0.244,Disease Free
rs2743430,0,Relapse
rs2743430,0,Relapse
rs2743430,0,Relapse
rs2743430,0,Relapse
rs2743430,0,Relapse
rs2743430,0,Relapse
rs2743430,0,Relapse
rs2743430,0,Relapse
rs2743430,0,Relapse
rs1778726,0.176,Disease Free
rs1778726,0.267,Disease Free
rs1778726,0.154,Disease Free
rs1778726,0.259,Disease Free
rs1778726,0.360,Disease Free
rs1778726,0.343,Disease Free
rs1778726,0.273,Disease Free
rs1778726,0.227,Disease Free
rs1778726,0,Relapse
rs1778726,0,Relapse
rs1778726,0.176,Relapse
rs1778726,0,Relapse
rs1778726,0,Relapse
rs1778726,0.375,Relapse
rs1778726,0,Relapse
rs1778726,0,Relapse
rs9587158,0,Disease Free
rs9587158,0,Disease Free
rs9587158,0,Disease Free
rs9587158,0,Disease Free
rs9587158,0,Disease Free
rs9587158,0.581,Disease Free
rs9587158,0,Disease Free
rs9587158,0,Disease Free
rs9587158,0.338,Disease Free
rs9587158,0,Disease Free
rs9587158,0,Disease Free
rs9587158,0,Relapse
rs9587158,0.406,Relapse
rs9587158,0.412,Relapse
rs9587158,0,Relapse
rs9587158,0.128,Relapse
rs9587158,0.982,Relapse
rs9587158,0.333,Relapse
rs9587158,0.773,Relapse
rs9587158,0.730,Relapse
chr1:98012393,0,Disease Free
chr1:98012393,0,Disease Free
chr1:98012393,0.833,Disease Free
chr1:98012393,0,Disease Free
chr1:98012393,1.000,Disease Free
chr1:98012393,1.000,Disease Free
chr1:98012393,1.000,Disease Free
chr1:98012393,1.000,Disease Free
chr1:98012393,0,Disease Free
chr1:98012393,0,Disease Free
chr1:98012393,0,Relapse
chr1:98012393,0,Relapse
chr1:98012393,0,Relapse
chr1:98012393,0,Relapse
chr1:98012393,0,Relapse
chr1:98012393,0,Relapse
chr1:98012393,0,Relapse
chr1:98012393,0,Relapse
chr1:98012393,0,Relapse
rs6502069,0,Disease Free
rs6502069,0,Disease Free
rs6502069,0,Disease Free
rs6502069,0,Disease Free
rs6502069,0,Disease Free
rs6502069,0,Disease Free
rs6502069,0,Disease Free
rs6502069,0,Disease Free
rs6502069,0.733,Relapse
rs6502069,0.417,Relapse
rs6502069,0.538,Relapse
rs6502069,0.808,Relapse
rs9130,1,Disease Free
rs9130,1.000,Disease Free
rs9130,1.000,Disease Free
rs9130,1.000,Disease Free
rs9130,1.000,Disease Free
rs9130,1.000,Disease Free
rs9130,0.991,Disease Free
rs9130,1.000,Disease Free
rs9130,1.000,Disease Free
rs9130,1.000,Disease Free
rs9130,1.000,Disease Free
rs9130,1.000,Relapse
rs9130,1.000,Relapse
rs9130,1.000,Relapse
rs9130,0.618,Relapse
rs9130,1.000,Relapse
rs9130,0.457,Relapse
rs9130,0.226,Relapse
rs9130,0.500,Relapse
rs9130,1.000,Relapse
rs11086161,0.182,Disease Free
rs11086161,0.294,Disease Free
rs11086161,0.750,Disease Free
rs11086161,0.500,Disease Free
rs11086161,0.786,Disease Free
rs11086161,0.417,Disease Free
rs11086161,1.000,Disease Free
rs11086161,0.667,Disease Free
rs11086161,0.400,Relapse
rs11086161,0,Relapse
rs11086161,0,Relapse
rs11086161,0,Relapse
rs11086161,0.357,Relapse
rs11086161,0,Relapse
rs11086161,0,Relapse
rs11086161,0.524,Relapse
rs9658584,0.353,Disease Free
rs9658584,0.583,Disease Free
rs9658584,0,Disease Free
rs9658584,0.538,Disease Free
rs9658584,1.000,Disease Free
rs9658584,0,Disease Free
rs9658584,0.514,Disease Free
rs9658584,1.000,Disease Free
rs9658584,0.913,Disease Free
rs9658584,0,Relapse
rs9658584,0,Relapse
rs9658584,0,Relapse
rs9658584,0,Relapse
rs9658584,0,Relapse
rs9658584,0,Relapse
rs9658584,0.353,Relapse
rs10370,0,Disease Free
rs10370,0,Disease Free
rs10370,0,Disease Free
rs10370,0,Disease Free
rs10370,0,Disease Free
rs10370,0.679,Disease Free
rs10370,0.756,Disease Free
rs10370,0,Disease Free
rs10370,0,Disease Free
rs10370,0,Disease Free
rs10370,0,Disease Free
rs10370,0.654,Relapse
rs10370,0,Relapse
rs10370,0.660,Relapse
rs10370,0.815,Relapse
rs10370,0.641,Relapse
rs10370,0.617,Relapse
rs10370,0,Relapse
rs10370,0.383,Relapse
rs10370,0.433,Relapse
rs2286561,0.286,Disease Free
rs2286561,0,Disease Free
rs2286561,0,Disease Free
rs2286561,0,Disease Free
rs2286561,0,Disease Free
rs2286561,0,Disease Free
rs2286561,0,Disease Free
rs2286561,0,Disease Free
rs2286561,0,Disease Free
rs2286561,0,Disease Free
rs2286561,0.368,Relapse
rs2286561,0.250,Relapse
rs2286561,0.467,Relapse
rs2286561,0.458,Relapse
rs2286561,0.750,Relapse
rs2286561,0,Relapse
rs2286561,0,Relapse
rs2286561,0,Relapse
