rs1802059,0.357,Disease Free
rs1802059,1.000,Disease Free
rs1802059,0.647,Disease Free
rs1802059,0.588,Disease Free
rs1802059,0.545,Disease Free
rs1802059,0.529,Disease Free
rs1802059,1.000,Disease Free
rs1802059,0.683,Disease Free
rs1802059,1.000,Disease Free
rs1802059,0.500,Disease Free
rs1802059,0,Relapse
rs1802059,0,Relapse
rs1802059,0.867,Relapse
rs1802059,0,Relapse
rs1802059,0,Relapse
rs1802059,0,Relapse
rs1802059,0,Relapse
rs1802059,0,Relapse
rs1802059,0,Relapse
rs17680881,0,Disease Free
rs17680881,0,Disease Free
rs17680881,0.389,Disease Free
rs17680881,0,Disease Free
rs17680881,0,Disease Free
rs17680881,0.412,Disease Free
rs17680881,0,Disease Free
rs17680881,0,Disease Free
rs17680881,0,Disease Free
rs17680881,0.667,Disease Free
rs17680881,0.550,Relapse
rs17680881,0.600,Relapse
rs17680881,0.783,Relapse
rs17680881,0,Relapse
rs17680881,0.517,Relapse
rs17680881,0.471,Relapse
rs17680881,1.000,Relapse
rs17680881,1.000,Relapse
rs17680881,0.949,Relapse
rs1063743,0,Disease Free
rs1063743,0,Disease Free
rs1063743,0.300,Disease Free
rs1063743,0,Disease Free
rs1063743,0,Disease Free
rs1063743,0.308,Disease Free
rs1063743,0,Disease Free
rs1063743,0,Disease Free
rs1063743,0.684,Disease Free
rs1063743,0.812,Relapse
rs1063743,0.750,Relapse
rs1063743,0.800,Relapse
rs1063743,0,Relapse
rs1063743,0.400,Relapse
rs1063743,0.538,Relapse
rs1063743,1.000,Relapse
rs1063743,0.905,Relapse
rs1063743,1.000,Relapse
rs6794,0.471,Disease Free
rs6794,1.000,Disease Free
rs6794,0.667,Disease Free
rs6794,0.171,Disease Free
rs6794,1.000,Disease Free
rs6794,0.610,Disease Free
rs6794,1.000,Disease Free
rs6794,0,Disease Free
rs6794,0.840,Disease Free
rs6794,0.400,Disease Free
rs6794,0.643,Disease Free
rs6794,0,Relapse
rs6794,0,Relapse
rs6794,0.250,Relapse
rs6794,0,Relapse
rs6794,0.276,Relapse
rs6794,0.500,Relapse
rs6794,0.500,Relapse
rs6794,0,Relapse
rs6794,0,Relapse
rs3821750,0.417,Disease Free
rs3821750,0.538,Disease Free
rs3821750,0.333,Disease Free
rs3821750,0.773,Disease Free
rs3821750,0.391,Disease Free
rs3821750,0.438,Disease Free
rs3821750,0.650,Disease Free
rs3821750,1.000,Disease Free
rs3821750,0.237,Disease Free
rs3821750,0,Disease Free
rs3821750,0,Disease Free
rs3821750,0,Relapse
rs3821750,0,Relapse
rs3821750,0,Relapse
rs3821750,0,Relapse
rs3821750,0,Relapse
rs3821750,0,Relapse
rs3821750,0.500,Relapse
rs3821750,0,Relapse
rs3821750,0,Relapse
rs1468542,1,Disease Free
rs1468542,1.000,Disease Free
rs1468542,1.000,Disease Free
rs1468542,1.000,Disease Free
rs1468542,1.000,Disease Free
rs1468542,0,Disease Free
rs1468542,0.525,Disease Free
rs1468542,1.000,Disease Free
rs1468542,0.581,Disease Free
rs1468542,1.000,Disease Free
rs1468542,0.882,Disease Free
rs1468542,0.348,Relapse
rs1468542,0.714,Relapse
rs1468542,0.400,Relapse
rs1468542,0.923,Relapse
rs1468542,0,Relapse
rs1468542,0.500,Relapse
rs1468542,0,Relapse
rs1468542,0,Relapse
rs1468542,0,Relapse
rs4961,0,Disease Free
rs4961,0.622,Disease Free
rs4961,0,Disease Free
rs4961,0,Disease Free
rs4961,0,Disease Free
rs4961,0,Disease Free
rs4961,0.527,Disease Free
rs4961,0,Disease Free
rs4961,0,Disease Free
rs4961,0,Disease Free
rs4961,0,Disease Free
rs4961,0.341,Relapse
rs4961,0,Relapse
rs4961,0.326,Relapse
rs4961,0.424,Relapse
rs4961,0.500,Relapse
rs4961,1.000,Relapse
rs4961,0.457,Relapse
rs4961,0.429,Relapse
rs4961,0.764,Relapse
rs246105,0,Disease Free
rs246105,0,Disease Free
rs246105,0.500,Disease Free
rs246105,0,Disease Free
rs246105,0,Disease Free
rs246105,0.436,Disease Free
rs246105,0.412,Disease Free
rs246105,0,Disease Free
rs246105,0.294,Disease Free
rs246105,0.312,Disease Free
rs246105,0,Disease Free
rs246105,0.400,Relapse
rs246105,0,Relapse
rs246105,0.868,Relapse
rs246105,0.364,Relapse
rs246105,0.903,Relapse
rs246105,1.000,Relapse
rs246105,0.385,Relapse
rs246105,0.415,Relapse
rs246105,0.739,Relapse
rs17132047,0,Disease Free
rs17132047,0.316,Disease Free
rs17132047,0,Disease Free
rs17132047,0,Disease Free
rs17132047,0.417,Disease Free
rs17132047,0,Disease Free
rs17132047,0,Disease Free
rs17132047,0.462,Disease Free
rs17132047,0.591,Disease Free
rs17132047,0.778,Relapse
rs17132047,0.688,Relapse
rs17132047,0.818,Relapse
rs17132047,0,Relapse
rs17132047,0.472,Relapse
rs17132047,0.455,Relapse
rs17132047,1.000,Relapse
rs17132047,1.000,Relapse
rs17132047,1.000,Relapse
rs897453,0,Disease Free
rs897453,0.636,Disease Free
rs897453,0,Disease Free
rs897453,0.346,Disease Free
rs897453,0,Disease Free
rs897453,1.000,Disease Free
rs897453,0,Disease Free
rs897453,0.212,Disease Free
rs897453,0,Disease Free
rs897453,0,Disease Free
rs897453,0,Disease Free
rs897453,0,Relapse
rs897453,1.000,Relapse
rs897453,0.818,Relapse
rs897453,0.929,Relapse
rs897453,1.000,Relapse
rs897453,1.000,Relapse
rs897453,0.222,Relapse
rs897453,0.438,Relapse
rs897453,1.000,Relapse
rs2296961,0.406,Disease Free
rs2296961,0,Disease Free
rs2296961,1.000,Disease Free
rs2296961,0.776,Disease Free
rs2296961,0,Disease Free
rs2296961,0.478,Disease Free
rs2296961,1.000,Disease Free
rs2296961,1.000,Disease Free
rs2296961,0,Disease Free
rs2296961,0.366,Disease Free
rs2296961,0.397,Disease Free
rs2296961,0,Relapse
rs2296961,0.434,Relapse
rs2296961,0,Relapse
rs2296961,0,Relapse
rs2296961,0,Relapse
rs2296961,0,Relapse
rs2296961,0,Relapse
rs2296961,0,Relapse
rs2296961,0,Relapse
rs2070180,0.432,Disease Free
rs2070180,0.500,Disease Free
rs2070180,0,Disease Free
rs2070180,0,Disease Free
rs2070180,0,Disease Free
rs2070180,0,Disease Free
rs2070180,0,Disease Free
rs2070180,0,Disease Free
rs2070180,0.547,Disease Free
rs2070180,0,Disease Free
rs2070180,0.125,Disease Free
rs2070180,0.475,Relapse
rs2070180,0.485,Relapse
rs2070180,0.625,Relapse
rs2070180,1.000,Relapse
rs2070180,1.000,Relapse
rs2070180,0,Relapse
rs2070180,0.970,Relapse
rs2070180,0,Relapse
rs2070180,0.686,Relapse
rs2295322,0.5,Disease Free
rs2295322,0,Disease Free
rs2295322,1.000,Disease Free
rs2295322,0.500,Disease Free
rs2295322,1.000,Disease Free
rs2295322,0.433,Disease Free
rs2295322,0,Disease Free
rs2295322,0.507,Disease Free
rs2295322,0.265,Disease Free
rs2295322,0.417,Disease Free
rs2295322,0.443,Disease Free
rs2295322,1.000,Relapse
rs2295322,1.000,Relapse
rs2295322,0.842,Relapse
rs2295322,1.000,Relapse
rs2295322,1.000,Relapse
rs2295322,1.000,Relapse
rs2295322,1.000,Relapse
rs2295322,1.000,Relapse
rs2295322,0.133,Relapse
rs11548735,1,Disease Free
rs11548735,1.000,Disease Free
rs11548735,0.740,Disease Free
rs11548735,1.000,Disease Free
rs11548735,1.000,Disease Free
rs11548735,0.487,Disease Free
rs11548735,0.410,Disease Free
rs11548735,1.000,Disease Free
rs11548735,1.000,Disease Free
rs11548735,0.441,Disease Free
rs11548735,0.579,Disease Free
rs11548735,0,Relapse
rs11548735,0,Relapse
rs11548735,0.556,Relapse
rs11548735,0,Relapse
rs11548735,0,Relapse
rs11548735,0.992,Relapse
rs11548735,0.246,Relapse
rs1805017,0.5,Disease Free
rs1805017,1.000,Disease Free
rs1805017,0.583,Disease Free
rs1805017,0.429,Disease Free
rs1805017,0,Disease Free
rs1805017,1.000,Disease Free
rs1805017,0.583,Disease Free
rs1805017,0.364,Disease Free
rs1805017,0,Relapse
rs1805017,0,Relapse
rs1805017,0,Relapse
rs1805017,0,Relapse
rs1805017,0,Relapse
rs1805017,0,Relapse
rs1805017,0,Relapse
